scrape_date,source,country_code,country_name,region,query_term,timeframe,interest_score,interest_score_raw,hits,keyword,geo,gprop
2026-04-11,google_trends_region,AU,Australia,South Australia,spanking,today 12-m,100,100,100,spanking,AU,web
2026-04-11,google_trends_region,AU,Australia,Queensland,spanking,today 12-m,78,78,78,spanking,AU,web
2026-04-11,google_trends_region,AU,Australia,Western Australia,spanking,today 12-m,77,77,77,spanking,AU,web
2026-04-11,google_trends_region,AU,Australia,Victoria,spanking,today 12-m,77,77,77,spanking,AU,web
2026-04-11,google_trends_region,AU,Australia,New South Wales,spanking,today 12-m,75,75,75,spanking,AU,web
2026-04-11,google_trends_region,AU,Australia,Australian Capital Territory,spanking,today 12-m,65,65,65,spanking,AU,web
2026-04-11,google_trends_region,AU,Australia,Northern Territory,spanking,today 12-m,61,61,61,spanking,AU,web
2026-04-11,google_trends_region,AU,Australia,Tasmania,spanking,today 12-m,56,56,56,spanking,AU,web
2026-04-11,google_trends_region,AU,Australia,Northern Territory,impact play,today 12-m,100,100,100,impact play,AU,web
2026-04-11,google_trends_region,AU,Australia,New South Wales,impact play,today 12-m,92,92,92,impact play,AU,web
2026-04-11,google_trends_region,AU,Australia,South Australia,impact play,today 12-m,85,85,85,impact play,AU,web
2026-04-11,google_trends_region,AU,Australia,Victoria,impact play,today 12-m,83,83,83,impact play,AU,web
2026-04-11,google_trends_region,AU,Australia,Queensland,impact play,today 12-m,79,79,79,impact play,AU,web
2026-04-11,google_trends_region,AU,Australia,Western Australia,impact play,today 12-m,74,74,74,impact play,AU,web
2026-04-11,google_trends_region,AU,Australia,Australian Capital Territory,impact play,today 12-m,74,74,74,impact play,AU,web
2026-04-11,google_trends_region,AU,Australia,Tasmania,impact play,today 12-m,58,58,58,impact play,AU,web
2026-04-11,google_trends_region,AU,Australia,Queensland,bdsm,today 12-m,100,100,100,bdsm,AU,web
2026-04-11,google_trends_region,AU,Australia,Tasmania,bdsm,today 12-m,97,97,97,bdsm,AU,web
2026-04-11,google_trends_region,AU,Australia,Western Australia,bdsm,today 12-m,88,88,88,bdsm,AU,web
2026-04-11,google_trends_region,AU,Australia,Victoria,bdsm,today 12-m,84,84,84,bdsm,AU,web
2026-04-11,google_trends_region,AU,Australia,New South Wales,bdsm,today 12-m,83,83,83,bdsm,AU,web
2026-04-11,google_trends_region,AU,Australia,South Australia,bdsm,today 12-m,82,82,82,bdsm,AU,web
2026-04-11,google_trends_region,AU,Australia,Northern Territory,bdsm,today 12-m,81,81,81,bdsm,AU,web
2026-04-11,google_trends_region,AU,Australia,Australian Capital Territory,bdsm,today 12-m,76,76,76,bdsm,AU,web
2026-04-11,google_trends_region,AU,Australia,Queensland,domestic discipline,today 12-m,100,100,100,domestic discipline,AU,web
2026-04-11,google_trends_region,AU,Australia,New South Wales,domestic discipline,today 12-m,33,33,33,domestic discipline,AU,web
2026-04-11,google_trends_region,AU,Australia,Victoria,domestic discipline,today 12-m,16,16,16,domestic discipline,AU,web
2026-04-11,google_trends_region,AU,Australia,Australian Capital Territory,domestic discipline,today 12-m,NA,NA,NA,domestic discipline,AU,web
2026-04-11,google_trends_region,AU,Australia,Northern Territory,domestic discipline,today 12-m,NA,NA,NA,domestic discipline,AU,web
2026-04-11,google_trends_region,AU,Australia,South Australia,domestic discipline,today 12-m,NA,NA,NA,domestic discipline,AU,web
2026-04-11,google_trends_region,AU,Australia,Tasmania,domestic discipline,today 12-m,NA,NA,NA,domestic discipline,AU,web
2026-04-11,google_trends_region,AU,Australia,Western Australia,domestic discipline,today 12-m,NA,NA,NA,domestic discipline,AU,web
2026-04-11,google_trends_region,AU,Australia,South Australia,otk,today 12-m,100,100,100,otk,AU,web
2026-04-11,google_trends_region,AU,Australia,Victoria,otk,today 12-m,97,97,97,otk,AU,web
2026-04-11,google_trends_region,AU,Australia,New South Wales,otk,today 12-m,88,88,88,otk,AU,web
2026-04-11,google_trends_region,AU,Australia,Western Australia,otk,today 12-m,77,77,77,otk,AU,web
2026-04-11,google_trends_region,AU,Australia,Tasmania,otk,today 12-m,77,77,77,otk,AU,web
2026-04-11,google_trends_region,AU,Australia,Queensland,otk,today 12-m,77,77,77,otk,AU,web
2026-04-11,google_trends_region,AU,Australia,Australian Capital Territory,otk,today 12-m,63,63,63,otk,AU,web
2026-04-11,google_trends_region,AU,Australia,Northern Territory,otk,today 12-m,NA,NA,NA,otk,AU,web
2026-04-11,google_trends_region,GB,United Kingdom,Wales,spanking,today 12-m,100,100,100,spanking,GB,web
2026-04-11,google_trends_region,GB,United Kingdom,Scotland,spanking,today 12-m,99,99,99,spanking,GB,web
2026-04-11,google_trends_region,GB,United Kingdom,England,spanking,today 12-m,93,93,93,spanking,GB,web
2026-04-11,google_trends_region,GB,United Kingdom,Northern Ireland,spanking,today 12-m,79,79,79,spanking,GB,web
2026-04-11,google_trends_region,GB,United Kingdom,England,spanko,today 12-m,0.5,<1,<1,spanko,GB,web
2026-04-11,google_trends_region,GB,United Kingdom,Northern Ireland,spanko,today 12-m,NA,NA,NA,spanko,GB,web
2026-04-11,google_trends_region,GB,United Kingdom,Scotland,spanko,today 12-m,NA,NA,NA,spanko,GB,web
2026-04-11,google_trends_region,GB,United Kingdom,Wales,spanko,today 12-m,NA,NA,NA,spanko,GB,web
2026-04-11,google_trends_region,GB,United Kingdom,England,impact play,today 12-m,100,100,100,impact play,GB,web
2026-04-11,google_trends_region,GB,United Kingdom,Wales,impact play,today 12-m,98,98,98,impact play,GB,web
2026-04-11,google_trends_region,GB,United Kingdom,Scotland,impact play,today 12-m,90,90,90,impact play,GB,web
2026-04-11,google_trends_region,GB,United Kingdom,Northern Ireland,impact play,today 12-m,80,80,80,impact play,GB,web
2026-04-11,google_trends_region,GB,United Kingdom,England,bdsm,today 12-m,100,100,100,bdsm,GB,web
2026-04-11,google_trends_region,GB,United Kingdom,Wales,bdsm,today 12-m,97,97,97,bdsm,GB,web
2026-04-11,google_trends_region,GB,United Kingdom,Scotland,bdsm,today 12-m,86,86,86,bdsm,GB,web
2026-04-11,google_trends_region,GB,United Kingdom,Northern Ireland,bdsm,today 12-m,79,79,79,bdsm,GB,web
2026-04-11,google_trends_region,GB,United Kingdom,Scotland,domestic discipline,today 12-m,100,100,100,domestic discipline,GB,web
2026-04-11,google_trends_region,GB,United Kingdom,England,domestic discipline,today 12-m,50,50,50,domestic discipline,GB,web
2026-04-11,google_trends_region,GB,United Kingdom,Northern Ireland,domestic discipline,today 12-m,NA,NA,NA,domestic discipline,GB,web
2026-04-11,google_trends_region,GB,United Kingdom,Wales,domestic discipline,today 12-m,NA,NA,NA,domestic discipline,GB,web
2026-04-11,google_trends_region,GB,United Kingdom,Scotland,otk,today 12-m,100,100,100,otk,GB,web
2026-04-11,google_trends_region,GB,United Kingdom,Northern Ireland,otk,today 12-m,85,85,85,otk,GB,web
2026-04-11,google_trends_region,GB,United Kingdom,Wales,otk,today 12-m,83,83,83,otk,GB,web
2026-04-11,google_trends_region,GB,United Kingdom,England,otk,today 12-m,69,69,69,otk,GB,web
2026-04-11,google_trends_region,GB,United Kingdom,Scotland,adult corporal punishment,today 12-m,100,100,100,adult corporal punishment,GB,web
2026-04-11,google_trends_region,GB,United Kingdom,England,adult corporal punishment,today 12-m,NA,NA,NA,adult corporal punishment,GB,web
2026-04-11,google_trends_region,GB,United Kingdom,Northern Ireland,adult corporal punishment,today 12-m,NA,NA,NA,adult corporal punishment,GB,web
2026-04-11,google_trends_region,GB,United Kingdom,Wales,adult corporal punishment,today 12-m,NA,NA,NA,adult corporal punishment,GB,web
2026-04-11,google_trends_region,GB,United Kingdom,England,spanking only,today 12-m,100,100,100,spanking only,GB,web
2026-04-11,google_trends_region,GB,United Kingdom,Northern Ireland,spanking only,today 12-m,NA,NA,NA,spanking only,GB,web
2026-04-11,google_trends_region,GB,United Kingdom,Scotland,spanking only,today 12-m,NA,NA,NA,spanking only,GB,web
2026-04-11,google_trends_region,GB,United Kingdom,Wales,spanking only,today 12-m,NA,NA,NA,spanking only,GB,web
2026-04-11,google_trends_region,US,United States,Wyoming,spanking,today 12-m,100,100,100,spanking,US,web
2026-04-11,google_trends_region,US,United States,Alaska,spanking,today 12-m,99,99,99,spanking,US,web
2026-04-11,google_trends_region,US,United States,West Virginia,spanking,today 12-m,95,95,95,spanking,US,web
2026-04-11,google_trends_region,US,United States,Pennsylvania,spanking,today 12-m,95,95,95,spanking,US,web
2026-04-11,google_trends_region,US,United States,Rhode Island,spanking,today 12-m,93,93,93,spanking,US,web
2026-04-11,google_trends_region,US,United States,Ohio,spanking,today 12-m,91,91,91,spanking,US,web
2026-04-11,google_trends_region,US,United States,Michigan,spanking,today 12-m,88,88,88,spanking,US,web
2026-04-11,google_trends_region,US,United States,Kentucky,spanking,today 12-m,88,88,88,spanking,US,web
2026-04-11,google_trends_region,US,United States,Maine,spanking,today 12-m,86,86,86,spanking,US,web
2026-04-11,google_trends_region,US,United States,Arkansas,spanking,today 12-m,85,85,85,spanking,US,web
2026-04-11,google_trends_region,US,United States,Delaware,spanking,today 12-m,83,83,83,spanking,US,web
2026-04-11,google_trends_region,US,United States,Oklahoma,spanking,today 12-m,82,82,82,spanking,US,web
2026-04-11,google_trends_region,US,United States,New Hampshire,spanking,today 12-m,81,81,81,spanking,US,web
2026-04-11,google_trends_region,US,United States,Missouri,spanking,today 12-m,80,80,80,spanking,US,web
2026-04-11,google_trends_region,US,United States,Vermont,spanking,today 12-m,79,79,79,spanking,US,web
2026-04-11,google_trends_region,US,United States,Alabama,spanking,today 12-m,78,78,78,spanking,US,web
2026-04-11,google_trends_region,US,United States,Kansas,spanking,today 12-m,78,78,78,spanking,US,web
2026-04-11,google_trends_region,US,United States,Indiana,spanking,today 12-m,78,78,78,spanking,US,web
2026-04-11,google_trends_region,US,United States,North Carolina,spanking,today 12-m,74,74,74,spanking,US,web
2026-04-11,google_trends_region,US,United States,Illinois,spanking,today 12-m,73,73,73,spanking,US,web
2026-04-11,google_trends_region,US,United States,Wisconsin,spanking,today 12-m,73,73,73,spanking,US,web
2026-04-11,google_trends_region,US,United States,Montana,spanking,today 12-m,73,73,73,spanking,US,web
2026-04-11,google_trends_region,US,United States,Tennessee,spanking,today 12-m,71,71,71,spanking,US,web
2026-04-11,google_trends_region,US,United States,Connecticut,spanking,today 12-m,71,71,71,spanking,US,web
2026-04-11,google_trends_region,US,United States,Iowa,spanking,today 12-m,70,70,70,spanking,US,web
2026-04-11,google_trends_region,US,United States,Oregon,spanking,today 12-m,70,70,70,spanking,US,web
2026-04-11,google_trends_region,US,United States,Nebraska,spanking,today 12-m,70,70,70,spanking,US,web
2026-04-11,google_trends_region,US,United States,Washington,spanking,today 12-m,70,70,70,spanking,US,web
2026-04-11,google_trends_region,US,United States,Massachusetts,spanking,today 12-m,67,67,67,spanking,US,web
2026-04-11,google_trends_region,US,United States,Nevada,spanking,today 12-m,67,67,67,spanking,US,web
2026-04-11,google_trends_region,US,United States,Virginia,spanking,today 12-m,66,66,66,spanking,US,web
2026-04-11,google_trends_region,US,United States,Mississippi,spanking,today 12-m,66,66,66,spanking,US,web
2026-04-11,google_trends_region,US,United States,Idaho,spanking,today 12-m,65,65,65,spanking,US,web
2026-04-11,google_trends_region,US,United States,New York,spanking,today 12-m,65,65,65,spanking,US,web
2026-04-11,google_trends_region,US,United States,Minnesota,spanking,today 12-m,65,65,65,spanking,US,web
2026-04-11,google_trends_region,US,United States,Georgia,spanking,today 12-m,64,64,64,spanking,US,web
2026-04-11,google_trends_region,US,United States,South Carolina,spanking,today 12-m,64,64,64,spanking,US,web
2026-04-11,google_trends_region,US,United States,Florida,spanking,today 12-m,64,64,64,spanking,US,web
2026-04-11,google_trends_region,US,United States,Maryland,spanking,today 12-m,63,63,63,spanking,US,web
2026-04-11,google_trends_region,US,United States,New Mexico,spanking,today 12-m,62,62,62,spanking,US,web
2026-04-11,google_trends_region,US,United States,North Dakota,spanking,today 12-m,61,61,61,spanking,US,web
2026-04-11,google_trends_region,US,United States,New Jersey,spanking,today 12-m,61,61,61,spanking,US,web
2026-04-11,google_trends_region,US,United States,District of Columbia,spanking,today 12-m,59,59,59,spanking,US,web
2026-04-11,google_trends_region,US,United States,Arizona,spanking,today 12-m,58,58,58,spanking,US,web
2026-04-11,google_trends_region,US,United States,California,spanking,today 12-m,57,57,57,spanking,US,web
2026-04-11,google_trends_region,US,United States,South Dakota,spanking,today 12-m,56,56,56,spanking,US,web
2026-04-11,google_trends_region,US,United States,Texas,spanking,today 12-m,56,56,56,spanking,US,web
2026-04-11,google_trends_region,US,United States,Louisiana,spanking,today 12-m,56,56,56,spanking,US,web
2026-04-11,google_trends_region,US,United States,Utah,spanking,today 12-m,55,55,55,spanking,US,web
2026-04-11,google_trends_region,US,United States,Colorado,spanking,today 12-m,55,55,55,spanking,US,web
2026-04-11,google_trends_region,US,United States,Hawaii,spanking,today 12-m,53,53,53,spanking,US,web
2026-04-11,google_trends_region,US,United States,Massachusetts,spanko,today 12-m,100,100,100,spanko,US,web
2026-04-11,google_trends_region,US,United States,Illinois,spanko,today 12-m,0.5,<1,<1,spanko,US,web
2026-04-11,google_trends_region,US,United States,New York,spanko,today 12-m,0.5,<1,<1,spanko,US,web
2026-04-11,google_trends_region,US,United States,California,spanko,today 12-m,0.5,<1,<1,spanko,US,web
2026-04-11,google_trends_region,US,United States,Pennsylvania,spanko,today 12-m,0.5,<1,<1,spanko,US,web
2026-04-11,google_trends_region,US,United States,Alaska,spanko,today 12-m,NA,NA,NA,spanko,US,web
2026-04-11,google_trends_region,US,United States,Wyoming,spanko,today 12-m,NA,NA,NA,spanko,US,web
2026-04-11,google_trends_region,US,United States,District of Columbia,spanko,today 12-m,NA,NA,NA,spanko,US,web
2026-04-11,google_trends_region,US,United States,Delaware,spanko,today 12-m,NA,NA,NA,spanko,US,web
2026-04-11,google_trends_region,US,United States,Florida,spanko,today 12-m,NA,NA,NA,spanko,US,web
2026-04-11,google_trends_region,US,United States,Georgia,spanko,today 12-m,NA,NA,NA,spanko,US,web
2026-04-11,google_trends_region,US,United States,Hawaii,spanko,today 12-m,NA,NA,NA,spanko,US,web
2026-04-11,google_trends_region,US,United States,Iowa,spanko,today 12-m,NA,NA,NA,spanko,US,web
2026-04-11,google_trends_region,US,United States,Idaho,spanko,today 12-m,NA,NA,NA,spanko,US,web
2026-04-11,google_trends_region,US,United States,Colorado,spanko,today 12-m,NA,NA,NA,spanko,US,web
2026-04-11,google_trends_region,US,United States,Indiana,spanko,today 12-m,NA,NA,NA,spanko,US,web
2026-04-11,google_trends_region,US,United States,Kansas,spanko,today 12-m,NA,NA,NA,spanko,US,web
2026-04-11,google_trends_region,US,United States,Kentucky,spanko,today 12-m,NA,NA,NA,spanko,US,web
2026-04-11,google_trends_region,US,United States,Louisiana,spanko,today 12-m,NA,NA,NA,spanko,US,web
2026-04-11,google_trends_region,US,United States,Arizona,spanko,today 12-m,NA,NA,NA,spanko,US,web
2026-04-11,google_trends_region,US,United States,Maryland,spanko,today 12-m,NA,NA,NA,spanko,US,web
2026-04-11,google_trends_region,US,United States,Maine,spanko,today 12-m,NA,NA,NA,spanko,US,web
2026-04-11,google_trends_region,US,United States,Michigan,spanko,today 12-m,NA,NA,NA,spanko,US,web
2026-04-11,google_trends_region,US,United States,Minnesota,spanko,today 12-m,NA,NA,NA,spanko,US,web
2026-04-11,google_trends_region,US,United States,Missouri,spanko,today 12-m,NA,NA,NA,spanko,US,web
2026-04-11,google_trends_region,US,United States,Mississippi,spanko,today 12-m,NA,NA,NA,spanko,US,web
2026-04-11,google_trends_region,US,United States,Montana,spanko,today 12-m,NA,NA,NA,spanko,US,web
2026-04-11,google_trends_region,US,United States,North Carolina,spanko,today 12-m,NA,NA,NA,spanko,US,web
2026-04-11,google_trends_region,US,United States,North Dakota,spanko,today 12-m,NA,NA,NA,spanko,US,web
2026-04-11,google_trends_region,US,United States,Nebraska,spanko,today 12-m,NA,NA,NA,spanko,US,web
2026-04-11,google_trends_region,US,United States,New Hampshire,spanko,today 12-m,NA,NA,NA,spanko,US,web
2026-04-11,google_trends_region,US,United States,New Jersey,spanko,today 12-m,NA,NA,NA,spanko,US,web
2026-04-11,google_trends_region,US,United States,New Mexico,spanko,today 12-m,NA,NA,NA,spanko,US,web
2026-04-11,google_trends_region,US,United States,Nevada,spanko,today 12-m,NA,NA,NA,spanko,US,web
2026-04-11,google_trends_region,US,United States,Arkansas,spanko,today 12-m,NA,NA,NA,spanko,US,web
2026-04-11,google_trends_region,US,United States,Ohio,spanko,today 12-m,NA,NA,NA,spanko,US,web
2026-04-11,google_trends_region,US,United States,Oklahoma,spanko,today 12-m,NA,NA,NA,spanko,US,web
2026-04-11,google_trends_region,US,United States,Oregon,spanko,today 12-m,NA,NA,NA,spanko,US,web
2026-04-11,google_trends_region,US,United States,Alabama,spanko,today 12-m,NA,NA,NA,spanko,US,web
2026-04-11,google_trends_region,US,United States,Rhode Island,spanko,today 12-m,NA,NA,NA,spanko,US,web
2026-04-11,google_trends_region,US,United States,South Carolina,spanko,today 12-m,NA,NA,NA,spanko,US,web
2026-04-11,google_trends_region,US,United States,South Dakota,spanko,today 12-m,NA,NA,NA,spanko,US,web
2026-04-11,google_trends_region,US,United States,Tennessee,spanko,today 12-m,NA,NA,NA,spanko,US,web
2026-04-11,google_trends_region,US,United States,Texas,spanko,today 12-m,NA,NA,NA,spanko,US,web
2026-04-11,google_trends_region,US,United States,Utah,spanko,today 12-m,NA,NA,NA,spanko,US,web
2026-04-11,google_trends_region,US,United States,Virginia,spanko,today 12-m,NA,NA,NA,spanko,US,web
2026-04-11,google_trends_region,US,United States,Vermont,spanko,today 12-m,NA,NA,NA,spanko,US,web
2026-04-11,google_trends_region,US,United States,Washington,spanko,today 12-m,NA,NA,NA,spanko,US,web
2026-04-11,google_trends_region,US,United States,Wisconsin,spanko,today 12-m,NA,NA,NA,spanko,US,web
2026-04-11,google_trends_region,US,United States,West Virginia,spanko,today 12-m,NA,NA,NA,spanko,US,web
2026-04-11,google_trends_region,US,United States,Connecticut,spanko,today 12-m,NA,NA,NA,spanko,US,web
2026-04-11,google_trends_region,US,United States,Wyoming,impact play,today 12-m,100,100,100,impact play,US,web
2026-04-11,google_trends_region,US,United States,Oklahoma,impact play,today 12-m,59,59,59,impact play,US,web
2026-04-11,google_trends_region,US,United States,Kansas,impact play,today 12-m,58,58,58,impact play,US,web
2026-04-11,google_trends_region,US,United States,Louisiana,impact play,today 12-m,58,58,58,impact play,US,web
2026-04-11,google_trends_region,US,United States,Alaska,impact play,today 12-m,58,58,58,impact play,US,web
2026-04-11,google_trends_region,US,United States,Mississippi,impact play,today 12-m,57,57,57,impact play,US,web
2026-04-11,google_trends_region,US,United States,California,impact play,today 12-m,54,54,54,impact play,US,web
2026-04-11,google_trends_region,US,United States,Georgia,impact play,today 12-m,52,52,52,impact play,US,web
2026-04-11,google_trends_region,US,United States,Texas,impact play,today 12-m,52,52,52,impact play,US,web
2026-04-11,google_trends_region,US,United States,New York,impact play,today 12-m,50,50,50,impact play,US,web
2026-04-11,google_trends_region,US,United States,Alabama,impact play,today 12-m,50,50,50,impact play,US,web
2026-04-11,google_trends_region,US,United States,Nevada,impact play,today 12-m,49,49,49,impact play,US,web
2026-04-11,google_trends_region,US,United States,New Mexico,impact play,today 12-m,49,49,49,impact play,US,web
2026-04-11,google_trends_region,US,United States,Kentucky,impact play,today 12-m,48,48,48,impact play,US,web
2026-04-11,google_trends_region,US,United States,Florida,impact play,today 12-m,48,48,48,impact play,US,web
2026-04-11,google_trends_region,US,United States,Utah,impact play,today 12-m,48,48,48,impact play,US,web
2026-04-11,google_trends_region,US,United States,Arkansas,impact play,today 12-m,47,47,47,impact play,US,web
2026-04-11,google_trends_region,US,United States,Massachusetts,impact play,today 12-m,47,47,47,impact play,US,web
2026-04-11,google_trends_region,US,United States,Washington,impact play,today 12-m,47,47,47,impact play,US,web
2026-04-11,google_trends_region,US,United States,South Carolina,impact play,today 12-m,47,47,47,impact play,US,web
2026-04-11,google_trends_region,US,United States,Tennessee,impact play,today 12-m,47,47,47,impact play,US,web
2026-04-11,google_trends_region,US,United States,Colorado,impact play,today 12-m,46,46,46,impact play,US,web
2026-04-11,google_trends_region,US,United States,Pennsylvania,impact play,today 12-m,46,46,46,impact play,US,web
2026-04-11,google_trends_region,US,United States,West Virginia,impact play,today 12-m,46,46,46,impact play,US,web
2026-04-11,google_trends_region,US,United States,Maryland,impact play,today 12-m,45,45,45,impact play,US,web
2026-04-11,google_trends_region,US,United States,North Carolina,impact play,today 12-m,45,45,45,impact play,US,web
2026-04-11,google_trends_region,US,United States,Virginia,impact play,today 12-m,45,45,45,impact play,US,web
2026-04-11,google_trends_region,US,United States,Missouri,impact play,today 12-m,45,45,45,impact play,US,web
2026-04-11,google_trends_region,US,United States,District of Columbia,impact play,today 12-m,43,43,43,impact play,US,web
2026-04-11,google_trends_region,US,United States,Arizona,impact play,today 12-m,43,43,43,impact play,US,web
2026-04-11,google_trends_region,US,United States,Indiana,impact play,today 12-m,43,43,43,impact play,US,web
2026-04-11,google_trends_region,US,United States,Connecticut,impact play,today 12-m,41,41,41,impact play,US,web
2026-04-11,google_trends_region,US,United States,Rhode Island,impact play,today 12-m,40,40,40,impact play,US,web
2026-04-11,google_trends_region,US,United States,Oregon,impact play,today 12-m,39,39,39,impact play,US,web
2026-04-11,google_trends_region,US,United States,Illinois,impact play,today 12-m,39,39,39,impact play,US,web
2026-04-11,google_trends_region,US,United States,Nebraska,impact play,today 12-m,39,39,39,impact play,US,web
2026-04-11,google_trends_region,US,United States,Minnesota,impact play,today 12-m,39,39,39,impact play,US,web
2026-04-11,google_trends_region,US,United States,Vermont,impact play,today 12-m,38,38,38,impact play,US,web
2026-04-11,google_trends_region,US,United States,Michigan,impact play,today 12-m,38,38,38,impact play,US,web
2026-04-11,google_trends_region,US,United States,Wisconsin,impact play,today 12-m,38,38,38,impact play,US,web
2026-04-11,google_trends_region,US,United States,Iowa,impact play,today 12-m,37,37,37,impact play,US,web
2026-04-11,google_trends_region,US,United States,New Jersey,impact play,today 12-m,37,37,37,impact play,US,web
2026-04-11,google_trends_region,US,United States,Delaware,impact play,today 12-m,36,36,36,impact play,US,web
2026-04-11,google_trends_region,US,United States,Ohio,impact play,today 12-m,34,34,34,impact play,US,web
2026-04-11,google_trends_region,US,United States,Montana,impact play,today 12-m,34,34,34,impact play,US,web
2026-04-11,google_trends_region,US,United States,Hawaii,impact play,today 12-m,34,34,34,impact play,US,web
2026-04-11,google_trends_region,US,United States,Idaho,impact play,today 12-m,33,33,33,impact play,US,web
2026-04-11,google_trends_region,US,United States,South Dakota,impact play,today 12-m,32,32,32,impact play,US,web
2026-04-11,google_trends_region,US,United States,Maine,impact play,today 12-m,32,32,32,impact play,US,web
2026-04-11,google_trends_region,US,United States,North Dakota,impact play,today 12-m,30,30,30,impact play,US,web
2026-04-11,google_trends_region,US,United States,New Hampshire,impact play,today 12-m,28,28,28,impact play,US,web
2026-04-11,google_trends_region,US,United States,Oregon,bdsm,today 12-m,100,100,100,bdsm,US,web
2026-04-11,google_trends_region,US,United States,Vermont,bdsm,today 12-m,98,98,98,bdsm,US,web
2026-04-11,google_trends_region,US,United States,West Virginia,bdsm,today 12-m,98,98,98,bdsm,US,web
2026-04-11,google_trends_region,US,United States,Alaska,bdsm,today 12-m,96,96,96,bdsm,US,web
2026-04-11,google_trends_region,US,United States,Washington,bdsm,today 12-m,95,95,95,bdsm,US,web
2026-04-11,google_trends_region,US,United States,Missouri,bdsm,today 12-m,94,94,94,bdsm,US,web
2026-04-11,google_trends_region,US,United States,Michigan,bdsm,today 12-m,92,92,92,bdsm,US,web
2026-04-11,google_trends_region,US,United States,Ohio,bdsm,today 12-m,92,92,92,bdsm,US,web
2026-04-11,google_trends_region,US,United States,Montana,bdsm,today 12-m,91,91,91,bdsm,US,web
2026-04-11,google_trends_region,US,United States,Wisconsin,bdsm,today 12-m,91,91,91,bdsm,US,web
2026-04-11,google_trends_region,US,United States,Maine,bdsm,today 12-m,91,91,91,bdsm,US,web
2026-04-11,google_trends_region,US,United States,Oklahoma,bdsm,today 12-m,90,90,90,bdsm,US,web
2026-04-11,google_trends_region,US,United States,Wyoming,bdsm,today 12-m,89,89,89,bdsm,US,web
2026-04-11,google_trends_region,US,United States,Kentucky,bdsm,today 12-m,89,89,89,bdsm,US,web
2026-04-11,google_trends_region,US,United States,Nevada,bdsm,today 12-m,89,89,89,bdsm,US,web
2026-04-11,google_trends_region,US,United States,Indiana,bdsm,today 12-m,86,86,86,bdsm,US,web
2026-04-11,google_trends_region,US,United States,New Hampshire,bdsm,today 12-m,85,85,85,bdsm,US,web
2026-04-11,google_trends_region,US,United States,New York,bdsm,today 12-m,84,84,84,bdsm,US,web
2026-04-11,google_trends_region,US,United States,Kansas,bdsm,today 12-m,84,84,84,bdsm,US,web
2026-04-11,google_trends_region,US,United States,Maryland,bdsm,today 12-m,84,84,84,bdsm,US,web
2026-04-11,google_trends_region,US,United States,Arkansas,bdsm,today 12-m,84,84,84,bdsm,US,web
2026-04-11,google_trends_region,US,United States,Tennessee,bdsm,today 12-m,83,83,83,bdsm,US,web
2026-04-11,google_trends_region,US,United States,Virginia,bdsm,today 12-m,83,83,83,bdsm,US,web
2026-04-11,google_trends_region,US,United States,Rhode Island,bdsm,today 12-m,82,82,82,bdsm,US,web
2026-04-11,google_trends_region,US,United States,Pennsylvania,bdsm,today 12-m,81,81,81,bdsm,US,web
2026-04-11,google_trends_region,US,United States,Minnesota,bdsm,today 12-m,81,81,81,bdsm,US,web
2026-04-11,google_trends_region,US,United States,Alabama,bdsm,today 12-m,81,81,81,bdsm,US,web
2026-04-11,google_trends_region,US,United States,North Dakota,bdsm,today 12-m,81,81,81,bdsm,US,web
2026-04-11,google_trends_region,US,United States,Arizona,bdsm,today 12-m,81,81,81,bdsm,US,web
2026-04-11,google_trends_region,US,United States,Colorado,bdsm,today 12-m,79,79,79,bdsm,US,web
2026-04-11,google_trends_region,US,United States,Idaho,bdsm,today 12-m,79,79,79,bdsm,US,web
2026-04-11,google_trends_region,US,United States,Iowa,bdsm,today 12-m,78,78,78,bdsm,US,web
2026-04-11,google_trends_region,US,United States,Illinois,bdsm,today 12-m,78,78,78,bdsm,US,web
2026-04-11,google_trends_region,US,United States,North Carolina,bdsm,today 12-m,77,77,77,bdsm,US,web
2026-04-11,google_trends_region,US,United States,Massachusetts,bdsm,today 12-m,77,77,77,bdsm,US,web
2026-04-11,google_trends_region,US,United States,Louisiana,bdsm,today 12-m,76,76,76,bdsm,US,web
2026-04-11,google_trends_region,US,United States,Utah,bdsm,today 12-m,76,76,76,bdsm,US,web
2026-04-11,google_trends_region,US,United States,California,bdsm,today 12-m,76,76,76,bdsm,US,web
2026-04-11,google_trends_region,US,United States,Georgia,bdsm,today 12-m,75,75,75,bdsm,US,web
2026-04-11,google_trends_region,US,United States,Nebraska,bdsm,today 12-m,74,74,74,bdsm,US,web
2026-04-11,google_trends_region,US,United States,Delaware,bdsm,today 12-m,73,73,73,bdsm,US,web
2026-04-11,google_trends_region,US,United States,South Carolina,bdsm,today 12-m,70,70,70,bdsm,US,web
2026-04-11,google_trends_region,US,United States,Florida,bdsm,today 12-m,70,70,70,bdsm,US,web
2026-04-11,google_trends_region,US,United States,Connecticut,bdsm,today 12-m,68,68,68,bdsm,US,web
2026-04-11,google_trends_region,US,United States,New Jersey,bdsm,today 12-m,68,68,68,bdsm,US,web
2026-04-11,google_trends_region,US,United States,New Mexico,bdsm,today 12-m,68,68,68,bdsm,US,web
2026-04-11,google_trends_region,US,United States,Texas,bdsm,today 12-m,67,67,67,bdsm,US,web
2026-04-11,google_trends_region,US,United States,Mississippi,bdsm,today 12-m,66,66,66,bdsm,US,web
2026-04-11,google_trends_region,US,United States,South Dakota,bdsm,today 12-m,65,65,65,bdsm,US,web
2026-04-11,google_trends_region,US,United States,District of Columbia,bdsm,today 12-m,61,61,61,bdsm,US,web
2026-04-11,google_trends_region,US,United States,Hawaii,bdsm,today 12-m,61,61,61,bdsm,US,web
2026-04-11,google_trends_region,US,United States,Wyoming,domestic discipline,today 12-m,100,100,100,domestic discipline,US,web
2026-04-11,google_trends_region,US,United States,New Mexico,domestic discipline,today 12-m,38,38,38,domestic discipline,US,web
2026-04-11,google_trends_region,US,United States,Arkansas,domestic discipline,today 12-m,38,38,38,domestic discipline,US,web
2026-04-11,google_trends_region,US,United States,New Hampshire,domestic discipline,today 12-m,38,38,38,domestic discipline,US,web
2026-04-11,google_trends_region,US,United States,Kansas,domestic discipline,today 12-m,28,28,28,domestic discipline,US,web
2026-04-11,google_trends_region,US,United States,Oklahoma,domestic discipline,today 12-m,28,28,28,domestic discipline,US,web
2026-04-11,google_trends_region,US,United States,Washington,domestic discipline,today 12-m,23,23,23,domestic discipline,US,web
2026-04-11,google_trends_region,US,United States,Massachusetts,domestic discipline,today 12-m,23,23,23,domestic discipline,US,web
2026-04-11,google_trends_region,US,United States,Indiana,domestic discipline,today 12-m,23,23,23,domestic discipline,US,web
2026-04-11,google_trends_region,US,United States,Oregon,domestic discipline,today 12-m,19,19,19,domestic discipline,US,web
2026-04-11,google_trends_region,US,United States,Alabama,domestic discipline,today 12-m,19,19,19,domestic discipline,US,web
2026-04-11,google_trends_region,US,United States,Pennsylvania,domestic discipline,today 12-m,19,19,19,domestic discipline,US,web
2026-04-11,google_trends_region,US,United States,Maryland,domestic discipline,today 12-m,19,19,19,domestic discipline,US,web
2026-04-11,google_trends_region,US,United States,Missouri,domestic discipline,today 12-m,19,19,19,domestic discipline,US,web
2026-04-11,google_trends_region,US,United States,Georgia,domestic discipline,today 12-m,19,19,19,domestic discipline,US,web
2026-04-11,google_trends_region,US,United States,Michigan,domestic discipline,today 12-m,19,19,19,domestic discipline,US,web
2026-04-11,google_trends_region,US,United States,Illinois,domestic discipline,today 12-m,19,19,19,domestic discipline,US,web
2026-04-11,google_trends_region,US,United States,Ohio,domestic discipline,today 12-m,19,19,19,domestic discipline,US,web
2026-04-11,google_trends_region,US,United States,Tennessee,domestic discipline,today 12-m,14,14,14,domestic discipline,US,web
2026-04-11,google_trends_region,US,United States,Arizona,domestic discipline,today 12-m,14,14,14,domestic discipline,US,web
2026-04-11,google_trends_region,US,United States,New York,domestic discipline,today 12-m,14,14,14,domestic discipline,US,web
2026-04-11,google_trends_region,US,United States,New Jersey,domestic discipline,today 12-m,14,14,14,domestic discipline,US,web
2026-04-11,google_trends_region,US,United States,Virginia,domestic discipline,today 12-m,14,14,14,domestic discipline,US,web
2026-04-11,google_trends_region,US,United States,South Carolina,domestic discipline,today 12-m,14,14,14,domestic discipline,US,web
2026-04-11,google_trends_region,US,United States,Kentucky,domestic discipline,today 12-m,14,14,14,domestic discipline,US,web
2026-04-11,google_trends_region,US,United States,Texas,domestic discipline,today 12-m,14,14,14,domestic discipline,US,web
2026-04-11,google_trends_region,US,United States,Florida,domestic discipline,today 12-m,14,14,14,domestic discipline,US,web
2026-04-11,google_trends_region,US,United States,Louisiana,domestic discipline,today 12-m,14,14,14,domestic discipline,US,web
2026-04-11,google_trends_region,US,United States,California,domestic discipline,today 12-m,14,14,14,domestic discipline,US,web
2026-04-11,google_trends_region,US,United States,North Carolina,domestic discipline,today 12-m,14,14,14,domestic discipline,US,web
2026-04-11,google_trends_region,US,United States,Wisconsin,domestic discipline,today 12-m,14,14,14,domestic discipline,US,web
2026-04-11,google_trends_region,US,United States,Colorado,domestic discipline,today 12-m,9,9,9,domestic discipline,US,web
2026-04-11,google_trends_region,US,United States,Minnesota,domestic discipline,today 12-m,9,9,9,domestic discipline,US,web
2026-04-11,google_trends_region,US,United States,Utah,domestic discipline,today 12-m,9,9,9,domestic discipline,US,web
2026-04-11,google_trends_region,US,United States,Connecticut,domestic discipline,today 12-m,9,9,9,domestic discipline,US,web
2026-04-11,google_trends_region,US,United States,Mississippi,domestic discipline,today 12-m,NA,NA,NA,domestic discipline,US,web
2026-04-11,google_trends_region,US,United States,Nevada,domestic discipline,today 12-m,NA,NA,NA,domestic discipline,US,web
2026-04-11,google_trends_region,US,United States,Nebraska,domestic discipline,today 12-m,NA,NA,NA,domestic discipline,US,web
2026-04-11,google_trends_region,US,United States,North Dakota,domestic discipline,today 12-m,NA,NA,NA,domestic discipline,US,web
2026-04-11,google_trends_region,US,United States,Rhode Island,domestic discipline,today 12-m,NA,NA,NA,domestic discipline,US,web
2026-04-11,google_trends_region,US,United States,Montana,domestic discipline,today 12-m,NA,NA,NA,domestic discipline,US,web
2026-04-11,google_trends_region,US,United States,South Dakota,domestic discipline,today 12-m,NA,NA,NA,domestic discipline,US,web
2026-04-11,google_trends_region,US,United States,Maine,domestic discipline,today 12-m,NA,NA,NA,domestic discipline,US,web
2026-04-11,google_trends_region,US,United States,Idaho,domestic discipline,today 12-m,NA,NA,NA,domestic discipline,US,web
2026-04-11,google_trends_region,US,United States,Iowa,domestic discipline,today 12-m,NA,NA,NA,domestic discipline,US,web
2026-04-11,google_trends_region,US,United States,Hawaii,domestic discipline,today 12-m,NA,NA,NA,domestic discipline,US,web
2026-04-11,google_trends_region,US,United States,Vermont,domestic discipline,today 12-m,NA,NA,NA,domestic discipline,US,web
2026-04-11,google_trends_region,US,United States,Delaware,domestic discipline,today 12-m,NA,NA,NA,domestic discipline,US,web
2026-04-11,google_trends_region,US,United States,District of Columbia,domestic discipline,today 12-m,NA,NA,NA,domestic discipline,US,web
2026-04-11,google_trends_region,US,United States,West Virginia,domestic discipline,today 12-m,NA,NA,NA,domestic discipline,US,web
2026-04-11,google_trends_region,US,United States,Alaska,domestic discipline,today 12-m,NA,NA,NA,domestic discipline,US,web
2026-04-11,google_trends_region,US,United States,Rhode Island,otk,today 12-m,100,100,100,otk,US,web
2026-04-11,google_trends_region,US,United States,Wisconsin,otk,today 12-m,83,83,83,otk,US,web
2026-04-11,google_trends_region,US,United States,Arizona,otk,today 12-m,83,83,83,otk,US,web
2026-04-11,google_trends_region,US,United States,Indiana,otk,today 12-m,83,83,83,otk,US,web
2026-04-11,google_trends_region,US,United States,Missouri,otk,today 12-m,80,80,80,otk,US,web
2026-04-11,google_trends_region,US,United States,Washington,otk,today 12-m,80,80,80,otk,US,web
2026-04-11,google_trends_region,US,United States,Michigan,otk,today 12-m,78,78,78,otk,US,web
2026-04-11,google_trends_region,US,United States,Massachusetts,otk,today 12-m,78,78,78,otk,US,web
2026-04-11,google_trends_region,US,United States,Pennsylvania,otk,today 12-m,76,76,76,otk,US,web
2026-04-11,google_trends_region,US,United States,Oregon,otk,today 12-m,76,76,76,otk,US,web
2026-04-11,google_trends_region,US,United States,Nevada,otk,today 12-m,76,76,76,otk,US,web
2026-04-11,google_trends_region,US,United States,New Jersey,otk,today 12-m,76,76,76,otk,US,web
2026-04-11,google_trends_region,US,United States,Ohio,otk,today 12-m,71,71,71,otk,US,web
2026-04-11,google_trends_region,US,United States,New York,otk,today 12-m,71,71,71,otk,US,web
2026-04-11,google_trends_region,US,United States,Arkansas,otk,today 12-m,71,71,71,otk,US,web
2026-04-11,google_trends_region,US,United States,West Virginia,otk,today 12-m,71,71,71,otk,US,web
2026-04-11,google_trends_region,US,United States,Maine,otk,today 12-m,71,71,71,otk,US,web
2026-04-11,google_trends_region,US,United States,Delaware,otk,today 12-m,71,71,71,otk,US,web
2026-04-11,google_trends_region,US,United States,Illinois,otk,today 12-m,71,71,71,otk,US,web
2026-04-11,google_trends_region,US,United States,California,otk,today 12-m,71,71,71,otk,US,web
2026-04-11,google_trends_region,US,United States,Maryland,otk,today 12-m,69,69,69,otk,US,web
2026-04-11,google_trends_region,US,United States,Virginia,otk,today 12-m,69,69,69,otk,US,web
2026-04-11,google_trends_region,US,United States,New Hampshire,otk,today 12-m,66,66,66,otk,US,web
2026-04-11,google_trends_region,US,United States,Minnesota,otk,today 12-m,66,66,66,otk,US,web
2026-04-11,google_trends_region,US,United States,Kentucky,otk,today 12-m,66,66,66,otk,US,web
2026-04-11,google_trends_region,US,United States,Utah,otk,today 12-m,66,66,66,otk,US,web
2026-04-11,google_trends_region,US,United States,Connecticut,otk,today 12-m,66,66,66,otk,US,web
2026-04-11,google_trends_region,US,United States,Georgia,otk,today 12-m,64,64,64,otk,US,web
2026-04-11,google_trends_region,US,United States,Vermont,otk,today 12-m,64,64,64,otk,US,web
2026-04-11,google_trends_region,US,United States,Florida,otk,today 12-m,64,64,64,otk,US,web
2026-04-11,google_trends_region,US,United States,Hawaii,otk,today 12-m,61,61,61,otk,US,web
2026-04-11,google_trends_region,US,United States,North Carolina,otk,today 12-m,61,61,61,otk,US,web
2026-04-11,google_trends_region,US,United States,Oklahoma,otk,today 12-m,59,59,59,otk,US,web
2026-04-11,google_trends_region,US,United States,Texas,otk,today 12-m,59,59,59,otk,US,web
2026-04-11,google_trends_region,US,United States,Alabama,otk,today 12-m,59,59,59,otk,US,web
2026-04-11,google_trends_region,US,United States,Tennessee,otk,today 12-m,59,59,59,otk,US,web
2026-04-11,google_trends_region,US,United States,Iowa,otk,today 12-m,59,59,59,otk,US,web
2026-04-11,google_trends_region,US,United States,New Mexico,otk,today 12-m,59,59,59,otk,US,web
2026-04-11,google_trends_region,US,United States,South Carolina,otk,today 12-m,57,57,57,otk,US,web
2026-04-11,google_trends_region,US,United States,Idaho,otk,today 12-m,57,57,57,otk,US,web
2026-04-11,google_trends_region,US,United States,Colorado,otk,today 12-m,57,57,57,otk,US,web
2026-04-11,google_trends_region,US,United States,Montana,otk,today 12-m,57,57,57,otk,US,web
2026-04-11,google_trends_region,US,United States,Nebraska,otk,today 12-m,54,54,54,otk,US,web
2026-04-11,google_trends_region,US,United States,Wyoming,otk,today 12-m,52,52,52,otk,US,web
2026-04-11,google_trends_region,US,United States,North Dakota,otk,today 12-m,50,50,50,otk,US,web
2026-04-11,google_trends_region,US,United States,Kansas,otk,today 12-m,47,47,47,otk,US,web
2026-04-11,google_trends_region,US,United States,Mississippi,otk,today 12-m,47,47,47,otk,US,web
2026-04-11,google_trends_region,US,United States,Louisiana,otk,today 12-m,47,47,47,otk,US,web
2026-04-11,google_trends_region,US,United States,District of Columbia,otk,today 12-m,45,45,45,otk,US,web
2026-04-11,google_trends_region,US,United States,Alaska,otk,today 12-m,42,42,42,otk,US,web
2026-04-11,google_trends_region,US,United States,South Dakota,otk,today 12-m,35,35,35,otk,US,web
2026-04-11,google_trends_region,US,United States,Arizona,adult corporal punishment,today 12-m,100,100,100,adult corporal punishment,US,web
2026-04-11,google_trends_region,US,United States,New York,adult corporal punishment,today 12-m,100,100,100,adult corporal punishment,US,web
2026-04-11,google_trends_region,US,United States,Alaska,adult corporal punishment,today 12-m,NA,NA,NA,adult corporal punishment,US,web
2026-04-11,google_trends_region,US,United States,Wyoming,adult corporal punishment,today 12-m,NA,NA,NA,adult corporal punishment,US,web
2026-04-11,google_trends_region,US,United States,California,adult corporal punishment,today 12-m,NA,NA,NA,adult corporal punishment,US,web
2026-04-11,google_trends_region,US,United States,Colorado,adult corporal punishment,today 12-m,NA,NA,NA,adult corporal punishment,US,web
2026-04-11,google_trends_region,US,United States,Connecticut,adult corporal punishment,today 12-m,NA,NA,NA,adult corporal punishment,US,web
2026-04-11,google_trends_region,US,United States,District of Columbia,adult corporal punishment,today 12-m,NA,NA,NA,adult corporal punishment,US,web
2026-04-11,google_trends_region,US,United States,Delaware,adult corporal punishment,today 12-m,NA,NA,NA,adult corporal punishment,US,web
2026-04-11,google_trends_region,US,United States,Florida,adult corporal punishment,today 12-m,NA,NA,NA,adult corporal punishment,US,web
2026-04-11,google_trends_region,US,United States,Georgia,adult corporal punishment,today 12-m,NA,NA,NA,adult corporal punishment,US,web
2026-04-11,google_trends_region,US,United States,Hawaii,adult corporal punishment,today 12-m,NA,NA,NA,adult corporal punishment,US,web
2026-04-11,google_trends_region,US,United States,Iowa,adult corporal punishment,today 12-m,NA,NA,NA,adult corporal punishment,US,web
2026-04-11,google_trends_region,US,United States,Idaho,adult corporal punishment,today 12-m,NA,NA,NA,adult corporal punishment,US,web
2026-04-11,google_trends_region,US,United States,Illinois,adult corporal punishment,today 12-m,NA,NA,NA,adult corporal punishment,US,web
2026-04-11,google_trends_region,US,United States,Indiana,adult corporal punishment,today 12-m,NA,NA,NA,adult corporal punishment,US,web
2026-04-11,google_trends_region,US,United States,Kansas,adult corporal punishment,today 12-m,NA,NA,NA,adult corporal punishment,US,web
2026-04-11,google_trends_region,US,United States,Kentucky,adult corporal punishment,today 12-m,NA,NA,NA,adult corporal punishment,US,web
2026-04-11,google_trends_region,US,United States,Louisiana,adult corporal punishment,today 12-m,NA,NA,NA,adult corporal punishment,US,web
2026-04-11,google_trends_region,US,United States,Massachusetts,adult corporal punishment,today 12-m,NA,NA,NA,adult corporal punishment,US,web
2026-04-11,google_trends_region,US,United States,Maryland,adult corporal punishment,today 12-m,NA,NA,NA,adult corporal punishment,US,web
2026-04-11,google_trends_region,US,United States,Maine,adult corporal punishment,today 12-m,NA,NA,NA,adult corporal punishment,US,web
2026-04-11,google_trends_region,US,United States,Michigan,adult corporal punishment,today 12-m,NA,NA,NA,adult corporal punishment,US,web
2026-04-11,google_trends_region,US,United States,Minnesota,adult corporal punishment,today 12-m,NA,NA,NA,adult corporal punishment,US,web
2026-04-11,google_trends_region,US,United States,Missouri,adult corporal punishment,today 12-m,NA,NA,NA,adult corporal punishment,US,web
2026-04-11,google_trends_region,US,United States,Mississippi,adult corporal punishment,today 12-m,NA,NA,NA,adult corporal punishment,US,web
2026-04-11,google_trends_region,US,United States,Montana,adult corporal punishment,today 12-m,NA,NA,NA,adult corporal punishment,US,web
2026-04-11,google_trends_region,US,United States,North Carolina,adult corporal punishment,today 12-m,NA,NA,NA,adult corporal punishment,US,web
2026-04-11,google_trends_region,US,United States,North Dakota,adult corporal punishment,today 12-m,NA,NA,NA,adult corporal punishment,US,web
2026-04-11,google_trends_region,US,United States,Nebraska,adult corporal punishment,today 12-m,NA,NA,NA,adult corporal punishment,US,web
2026-04-11,google_trends_region,US,United States,New Hampshire,adult corporal punishment,today 12-m,NA,NA,NA,adult corporal punishment,US,web
2026-04-11,google_trends_region,US,United States,New Jersey,adult corporal punishment,today 12-m,NA,NA,NA,adult corporal punishment,US,web
2026-04-11,google_trends_region,US,United States,New Mexico,adult corporal punishment,today 12-m,NA,NA,NA,adult corporal punishment,US,web
2026-04-11,google_trends_region,US,United States,Nevada,adult corporal punishment,today 12-m,NA,NA,NA,adult corporal punishment,US,web
2026-04-11,google_trends_region,US,United States,Alabama,adult corporal punishment,today 12-m,NA,NA,NA,adult corporal punishment,US,web
2026-04-11,google_trends_region,US,United States,Ohio,adult corporal punishment,today 12-m,NA,NA,NA,adult corporal punishment,US,web
2026-04-11,google_trends_region,US,United States,Oklahoma,adult corporal punishment,today 12-m,NA,NA,NA,adult corporal punishment,US,web
2026-04-11,google_trends_region,US,United States,Oregon,adult corporal punishment,today 12-m,NA,NA,NA,adult corporal punishment,US,web
2026-04-11,google_trends_region,US,United States,Pennsylvania,adult corporal punishment,today 12-m,NA,NA,NA,adult corporal punishment,US,web
2026-04-11,google_trends_region,US,United States,Rhode Island,adult corporal punishment,today 12-m,NA,NA,NA,adult corporal punishment,US,web
2026-04-11,google_trends_region,US,United States,South Carolina,adult corporal punishment,today 12-m,NA,NA,NA,adult corporal punishment,US,web
2026-04-11,google_trends_region,US,United States,South Dakota,adult corporal punishment,today 12-m,NA,NA,NA,adult corporal punishment,US,web
2026-04-11,google_trends_region,US,United States,Tennessee,adult corporal punishment,today 12-m,NA,NA,NA,adult corporal punishment,US,web
2026-04-11,google_trends_region,US,United States,Texas,adult corporal punishment,today 12-m,NA,NA,NA,adult corporal punishment,US,web
2026-04-11,google_trends_region,US,United States,Utah,adult corporal punishment,today 12-m,NA,NA,NA,adult corporal punishment,US,web
2026-04-11,google_trends_region,US,United States,Virginia,adult corporal punishment,today 12-m,NA,NA,NA,adult corporal punishment,US,web
2026-04-11,google_trends_region,US,United States,Vermont,adult corporal punishment,today 12-m,NA,NA,NA,adult corporal punishment,US,web
2026-04-11,google_trends_region,US,United States,Washington,adult corporal punishment,today 12-m,NA,NA,NA,adult corporal punishment,US,web
2026-04-11,google_trends_region,US,United States,Wisconsin,adult corporal punishment,today 12-m,NA,NA,NA,adult corporal punishment,US,web
2026-04-11,google_trends_region,US,United States,West Virginia,adult corporal punishment,today 12-m,NA,NA,NA,adult corporal punishment,US,web
2026-04-11,google_trends_region,US,United States,Arkansas,adult corporal punishment,today 12-m,NA,NA,NA,adult corporal punishment,US,web
2026-04-11,google_trends_region,US,United States,Illinois,spanking only,today 12-m,100,100,100,spanking only,US,web
2026-04-11,google_trends_region,US,United States,Arizona,spanking only,today 12-m,100,100,100,spanking only,US,web
2026-04-11,google_trends_region,US,United States,New York,spanking only,today 12-m,50,50,50,spanking only,US,web
2026-04-11,google_trends_region,US,United States,Georgia,spanking only,today 12-m,50,50,50,spanking only,US,web
2026-04-11,google_trends_region,US,United States,Michigan,spanking only,today 12-m,50,50,50,spanking only,US,web
2026-04-11,google_trends_region,US,United States,Pennsylvania,spanking only,today 12-m,50,50,50,spanking only,US,web
2026-04-11,google_trends_region,US,United States,Missouri,spanking only,today 12-m,50,50,50,spanking only,US,web
2026-04-11,google_trends_region,US,United States,North Carolina,spanking only,today 12-m,50,50,50,spanking only,US,web
2026-04-11,google_trends_region,US,United States,Texas,spanking only,today 12-m,50,50,50,spanking only,US,web
2026-04-11,google_trends_region,US,United States,Florida,spanking only,today 12-m,50,50,50,spanking only,US,web
2026-04-11,google_trends_region,US,United States,New Jersey,spanking only,today 12-m,50,50,50,spanking only,US,web
2026-04-11,google_trends_region,US,United States,Massachusetts,spanking only,today 12-m,50,50,50,spanking only,US,web
2026-04-11,google_trends_region,US,United States,California,spanking only,today 12-m,50,50,50,spanking only,US,web
2026-04-11,google_trends_region,US,United States,Ohio,spanking only,today 12-m,50,50,50,spanking only,US,web
2026-04-11,google_trends_region,US,United States,Alabama,spanking only,today 12-m,0.5,<1,<1,spanking only,US,web
2026-04-11,google_trends_region,US,United States,Alaska,spanking only,today 12-m,NA,NA,NA,spanking only,US,web
2026-04-11,google_trends_region,US,United States,Wyoming,spanking only,today 12-m,NA,NA,NA,spanking only,US,web
2026-04-11,google_trends_region,US,United States,Kentucky,spanking only,today 12-m,NA,NA,NA,spanking only,US,web
2026-04-11,google_trends_region,US,United States,Louisiana,spanking only,today 12-m,NA,NA,NA,spanking only,US,web
2026-04-11,google_trends_region,US,United States,Indiana,spanking only,today 12-m,NA,NA,NA,spanking only,US,web
2026-04-11,google_trends_region,US,United States,Maryland,spanking only,today 12-m,NA,NA,NA,spanking only,US,web
2026-04-11,google_trends_region,US,United States,Maine,spanking only,today 12-m,NA,NA,NA,spanking only,US,web
2026-04-11,google_trends_region,US,United States,Idaho,spanking only,today 12-m,NA,NA,NA,spanking only,US,web
2026-04-11,google_trends_region,US,United States,Minnesota,spanking only,today 12-m,NA,NA,NA,spanking only,US,web
2026-04-11,google_trends_region,US,United States,Iowa,spanking only,today 12-m,NA,NA,NA,spanking only,US,web
2026-04-11,google_trends_region,US,United States,Mississippi,spanking only,today 12-m,NA,NA,NA,spanking only,US,web
2026-04-11,google_trends_region,US,United States,Montana,spanking only,today 12-m,NA,NA,NA,spanking only,US,web
2026-04-11,google_trends_region,US,United States,Hawaii,spanking only,today 12-m,NA,NA,NA,spanking only,US,web
2026-04-11,google_trends_region,US,United States,North Dakota,spanking only,today 12-m,NA,NA,NA,spanking only,US,web
2026-04-11,google_trends_region,US,United States,Nebraska,spanking only,today 12-m,NA,NA,NA,spanking only,US,web
2026-04-11,google_trends_region,US,United States,New Hampshire,spanking only,today 12-m,NA,NA,NA,spanking only,US,web
2026-04-11,google_trends_region,US,United States,Delaware,spanking only,today 12-m,NA,NA,NA,spanking only,US,web
2026-04-11,google_trends_region,US,United States,New Mexico,spanking only,today 12-m,NA,NA,NA,spanking only,US,web
2026-04-11,google_trends_region,US,United States,Nevada,spanking only,today 12-m,NA,NA,NA,spanking only,US,web
2026-04-11,google_trends_region,US,United States,District of Columbia,spanking only,today 12-m,NA,NA,NA,spanking only,US,web
2026-04-11,google_trends_region,US,United States,Connecticut,spanking only,today 12-m,NA,NA,NA,spanking only,US,web
2026-04-11,google_trends_region,US,United States,Oklahoma,spanking only,today 12-m,NA,NA,NA,spanking only,US,web
2026-04-11,google_trends_region,US,United States,Oregon,spanking only,today 12-m,NA,NA,NA,spanking only,US,web
2026-04-11,google_trends_region,US,United States,Colorado,spanking only,today 12-m,NA,NA,NA,spanking only,US,web
2026-04-11,google_trends_region,US,United States,Rhode Island,spanking only,today 12-m,NA,NA,NA,spanking only,US,web
2026-04-11,google_trends_region,US,United States,South Carolina,spanking only,today 12-m,NA,NA,NA,spanking only,US,web
2026-04-11,google_trends_region,US,United States,South Dakota,spanking only,today 12-m,NA,NA,NA,spanking only,US,web
2026-04-11,google_trends_region,US,United States,Tennessee,spanking only,today 12-m,NA,NA,NA,spanking only,US,web
2026-04-11,google_trends_region,US,United States,Arkansas,spanking only,today 12-m,NA,NA,NA,spanking only,US,web
2026-04-11,google_trends_region,US,United States,Utah,spanking only,today 12-m,NA,NA,NA,spanking only,US,web
2026-04-11,google_trends_region,US,United States,Virginia,spanking only,today 12-m,NA,NA,NA,spanking only,US,web
2026-04-11,google_trends_region,US,United States,Vermont,spanking only,today 12-m,NA,NA,NA,spanking only,US,web
2026-04-11,google_trends_region,US,United States,Washington,spanking only,today 12-m,NA,NA,NA,spanking only,US,web
2026-04-11,google_trends_region,US,United States,Wisconsin,spanking only,today 12-m,NA,NA,NA,spanking only,US,web
2026-04-11,google_trends_region,US,United States,West Virginia,spanking only,today 12-m,NA,NA,NA,spanking only,US,web
2026-04-11,google_trends_region,US,United States,Kansas,spanking only,today 12-m,NA,NA,NA,spanking only,US,web
2026-04-11,google_trends_region,NZ,New Zealand,Marlborough,spanking,today 12-m,100,100,100,spanking,NZ,web
2026-04-11,google_trends_region,NZ,New Zealand,Tasman,spanking,today 12-m,44,44,44,spanking,NZ,web
2026-04-11,google_trends_region,NZ,New Zealand,Nelson,spanking,today 12-m,31,31,31,spanking,NZ,web
2026-04-11,google_trends_region,NZ,New Zealand,Taranaki,spanking,today 12-m,29,29,29,spanking,NZ,web
2026-04-11,google_trends_region,NZ,New Zealand,Southland,spanking,today 12-m,27,27,27,spanking,NZ,web
2026-04-11,google_trends_region,NZ,New Zealand,Wellington,spanking,today 12-m,26,26,26,spanking,NZ,web
2026-04-11,google_trends_region,NZ,New Zealand,Northland,spanking,today 12-m,22,22,22,spanking,NZ,web
2026-04-11,google_trends_region,NZ,New Zealand,Otago,spanking,today 12-m,22,22,22,spanking,NZ,web
2026-04-11,google_trends_region,NZ,New Zealand,Canterbury,spanking,today 12-m,21,21,21,spanking,NZ,web
2026-04-11,google_trends_region,NZ,New Zealand,Auckland,spanking,today 12-m,20,20,20,spanking,NZ,web
2026-04-11,google_trends_region,NZ,New Zealand,Waikato,spanking,today 12-m,20,20,20,spanking,NZ,web
2026-04-11,google_trends_region,NZ,New Zealand,Bay Of Plenty,spanking,today 12-m,19,19,19,spanking,NZ,web
2026-04-11,google_trends_region,NZ,New Zealand,Manawatu-Wanganui,spanking,today 12-m,13,13,13,spanking,NZ,web
2026-04-11,google_trends_region,NZ,New Zealand,Hawke's Bay,spanking,today 12-m,12,12,12,spanking,NZ,web
2026-04-11,google_trends_region,NZ,New Zealand,Chatham Islands,spanking,today 12-m,NA,NA,NA,spanking,NZ,web
2026-04-11,google_trends_region,NZ,New Zealand,Gisborne,spanking,today 12-m,NA,NA,NA,spanking,NZ,web
2026-04-11,google_trends_region,NZ,New Zealand,West Coast,spanking,today 12-m,NA,NA,NA,spanking,NZ,web
2026-04-11,google_trends_region,NZ,New Zealand,Manawatu-Wanganui,impact play,today 12-m,100,100,100,impact play,NZ,web
2026-04-11,google_trends_region,NZ,New Zealand,Auckland,impact play,today 12-m,87,87,87,impact play,NZ,web
2026-04-11,google_trends_region,NZ,New Zealand,Otago,impact play,today 12-m,85,85,85,impact play,NZ,web
2026-04-11,google_trends_region,NZ,New Zealand,Wellington,impact play,today 12-m,68,68,68,impact play,NZ,web
2026-04-11,google_trends_region,NZ,New Zealand,Waikato,impact play,today 12-m,58,58,58,impact play,NZ,web
2026-04-11,google_trends_region,NZ,New Zealand,Canterbury,impact play,today 12-m,55,55,55,impact play,NZ,web
2026-04-11,google_trends_region,NZ,New Zealand,Bay Of Plenty,impact play,today 12-m,NA,NA,NA,impact play,NZ,web
2026-04-11,google_trends_region,NZ,New Zealand,Chatham Islands,impact play,today 12-m,NA,NA,NA,impact play,NZ,web
2026-04-11,google_trends_region,NZ,New Zealand,Gisborne,impact play,today 12-m,NA,NA,NA,impact play,NZ,web
2026-04-11,google_trends_region,NZ,New Zealand,Hawke's Bay,impact play,today 12-m,NA,NA,NA,impact play,NZ,web
2026-04-11,google_trends_region,NZ,New Zealand,Marlborough,impact play,today 12-m,NA,NA,NA,impact play,NZ,web
2026-04-11,google_trends_region,NZ,New Zealand,Nelson,impact play,today 12-m,NA,NA,NA,impact play,NZ,web
2026-04-11,google_trends_region,NZ,New Zealand,Northland,impact play,today 12-m,NA,NA,NA,impact play,NZ,web
2026-04-11,google_trends_region,NZ,New Zealand,Southland,impact play,today 12-m,NA,NA,NA,impact play,NZ,web
2026-04-11,google_trends_region,NZ,New Zealand,Tasman,impact play,today 12-m,NA,NA,NA,impact play,NZ,web
2026-04-11,google_trends_region,NZ,New Zealand,Taranaki,impact play,today 12-m,NA,NA,NA,impact play,NZ,web
2026-04-11,google_trends_region,NZ,New Zealand,West Coast,impact play,today 12-m,NA,NA,NA,impact play,NZ,web
2026-04-11,google_trends_region,NZ,New Zealand,West Coast,bdsm,today 12-m,100,100,100,bdsm,NZ,web
2026-04-11,google_trends_region,NZ,New Zealand,Marlborough,bdsm,today 12-m,77,77,77,bdsm,NZ,web
2026-04-11,google_trends_region,NZ,New Zealand,Nelson,bdsm,today 12-m,69,69,69,bdsm,NZ,web
2026-04-11,google_trends_region,NZ,New Zealand,Bay Of Plenty,bdsm,today 12-m,59,59,59,bdsm,NZ,web
2026-04-11,google_trends_region,NZ,New Zealand,Otago,bdsm,today 12-m,57,57,57,bdsm,NZ,web
2026-04-11,google_trends_region,NZ,New Zealand,Tasman,bdsm,today 12-m,56,56,56,bdsm,NZ,web
2026-04-11,google_trends_region,NZ,New Zealand,Manawatu-Wanganui,bdsm,today 12-m,53,53,53,bdsm,NZ,web
2026-04-11,google_trends_region,NZ,New Zealand,Wellington,bdsm,today 12-m,52,52,52,bdsm,NZ,web
2026-04-11,google_trends_region,NZ,New Zealand,Waikato,bdsm,today 12-m,51,51,51,bdsm,NZ,web
2026-04-11,google_trends_region,NZ,New Zealand,Canterbury,bdsm,today 12-m,51,51,51,bdsm,NZ,web
2026-04-11,google_trends_region,NZ,New Zealand,Taranaki,bdsm,today 12-m,48,48,48,bdsm,NZ,web
2026-04-11,google_trends_region,NZ,New Zealand,Northland,bdsm,today 12-m,47,47,47,bdsm,NZ,web
2026-04-11,google_trends_region,NZ,New Zealand,Southland,bdsm,today 12-m,44,44,44,bdsm,NZ,web
2026-04-11,google_trends_region,NZ,New Zealand,Auckland,bdsm,today 12-m,42,42,42,bdsm,NZ,web
2026-04-11,google_trends_region,NZ,New Zealand,Hawke's Bay,bdsm,today 12-m,37,37,37,bdsm,NZ,web
2026-04-11,google_trends_region,NZ,New Zealand,Chatham Islands,bdsm,today 12-m,NA,NA,NA,bdsm,NZ,web
2026-04-11,google_trends_region,NZ,New Zealand,Gisborne,bdsm,today 12-m,NA,NA,NA,bdsm,NZ,web
2026-04-11,google_trends_region,NZ,New Zealand,Southland,otk,today 12-m,100,100,100,otk,NZ,web
2026-04-11,google_trends_region,NZ,New Zealand,Wellington,otk,today 12-m,25,25,25,otk,NZ,web
2026-04-11,google_trends_region,NZ,New Zealand,Waikato,otk,today 12-m,21,21,21,otk,NZ,web
2026-04-11,google_trends_region,NZ,New Zealand,Auckland,otk,today 12-m,20,20,20,otk,NZ,web
2026-04-11,google_trends_region,NZ,New Zealand,Canterbury,otk,today 12-m,19,19,19,otk,NZ,web
2026-04-11,google_trends_region,NZ,New Zealand,Bay Of Plenty,otk,today 12-m,NA,NA,NA,otk,NZ,web
2026-04-11,google_trends_region,NZ,New Zealand,Chatham Islands,otk,today 12-m,NA,NA,NA,otk,NZ,web
2026-04-11,google_trends_region,NZ,New Zealand,Gisborne,otk,today 12-m,NA,NA,NA,otk,NZ,web
2026-04-11,google_trends_region,NZ,New Zealand,Hawke's Bay,otk,today 12-m,NA,NA,NA,otk,NZ,web
2026-04-11,google_trends_region,NZ,New Zealand,Marlborough,otk,today 12-m,NA,NA,NA,otk,NZ,web
2026-04-11,google_trends_region,NZ,New Zealand,Manawatu-Wanganui,otk,today 12-m,NA,NA,NA,otk,NZ,web
2026-04-11,google_trends_region,NZ,New Zealand,Nelson,otk,today 12-m,NA,NA,NA,otk,NZ,web
2026-04-11,google_trends_region,NZ,New Zealand,Northland,otk,today 12-m,NA,NA,NA,otk,NZ,web
2026-04-11,google_trends_region,NZ,New Zealand,Otago,otk,today 12-m,NA,NA,NA,otk,NZ,web
2026-04-11,google_trends_region,NZ,New Zealand,Tasman,otk,today 12-m,NA,NA,NA,otk,NZ,web
2026-04-11,google_trends_region,NZ,New Zealand,Taranaki,otk,today 12-m,NA,NA,NA,otk,NZ,web
2026-04-11,google_trends_region,NZ,New Zealand,West Coast,otk,today 12-m,NA,NA,NA,otk,NZ,web
2026-04-11,google_trends_region,NZ,New Zealand,Auckland,adult corporal punishment,today 12-m,NA,NA,NA,adult corporal punishment,NZ,web
2026-04-11,google_trends_region,NZ,New Zealand,Bay Of Plenty,adult corporal punishment,today 12-m,NA,NA,NA,adult corporal punishment,NZ,web
2026-04-11,google_trends_region,NZ,New Zealand,Canterbury,adult corporal punishment,today 12-m,NA,NA,NA,adult corporal punishment,NZ,web
2026-04-11,google_trends_region,NZ,New Zealand,Chatham Islands,adult corporal punishment,today 12-m,NA,NA,NA,adult corporal punishment,NZ,web
2026-04-11,google_trends_region,NZ,New Zealand,Gisborne,adult corporal punishment,today 12-m,NA,NA,NA,adult corporal punishment,NZ,web
2026-04-11,google_trends_region,NZ,New Zealand,Hawke's Bay,adult corporal punishment,today 12-m,NA,NA,NA,adult corporal punishment,NZ,web
2026-04-11,google_trends_region,NZ,New Zealand,Marlborough,adult corporal punishment,today 12-m,NA,NA,NA,adult corporal punishment,NZ,web
2026-04-11,google_trends_region,NZ,New Zealand,Manawatu-Wanganui,adult corporal punishment,today 12-m,NA,NA,NA,adult corporal punishment,NZ,web
2026-04-11,google_trends_region,NZ,New Zealand,Nelson,adult corporal punishment,today 12-m,NA,NA,NA,adult corporal punishment,NZ,web
2026-04-11,google_trends_region,NZ,New Zealand,Northland,adult corporal punishment,today 12-m,NA,NA,NA,adult corporal punishment,NZ,web
2026-04-11,google_trends_region,NZ,New Zealand,Otago,adult corporal punishment,today 12-m,NA,NA,NA,adult corporal punishment,NZ,web
2026-04-11,google_trends_region,NZ,New Zealand,Southland,adult corporal punishment,today 12-m,NA,NA,NA,adult corporal punishment,NZ,web
2026-04-11,google_trends_region,NZ,New Zealand,Tasman,adult corporal punishment,today 12-m,NA,NA,NA,adult corporal punishment,NZ,web
2026-04-11,google_trends_region,NZ,New Zealand,Taranaki,adult corporal punishment,today 12-m,NA,NA,NA,adult corporal punishment,NZ,web
2026-04-11,google_trends_region,NZ,New Zealand,Wellington,adult corporal punishment,today 12-m,NA,NA,NA,adult corporal punishment,NZ,web
2026-04-11,google_trends_region,NZ,New Zealand,Waikato,adult corporal punishment,today 12-m,NA,NA,NA,adult corporal punishment,NZ,web
2026-04-11,google_trends_region,NZ,New Zealand,West Coast,adult corporal punishment,today 12-m,NA,NA,NA,adult corporal punishment,NZ,web
